{
  "total_time_sec": 0.9961335000043618,
  "inference_time_stage2_sec": 0.9577162999994471,
  "titles_per_sec_overall": 1003.8815078457067,
  "titles_per_sec_stage2": 1005.5169782539526
}